,Real,NN,LR,RF,SVR
60,0.000100063,7.90E-05,6.49E-05,6.49E-05,0.000719569
120,0.001049642,2.82E-03,0.003482823,0.003482823,0.087630439
180,0.005985407,3.49E-03,0.005963197,0.005963197,0.038546319
240,0.00969591,7.80E-03,0.011374118,0.011374118,0.065872276
300,0.029808594,2.18E-02,0.023847053,0.032590311,0.087449106
