,Real,NN,LR,RF,SVM
60,0,1.36E-07,4.44E-07,4.44E-07,8.12E-05
120,5.51E-05,4.45E-05,0.000168391,0.000168391,0.001569696
180,1.84E-05,3.61E-05,0.000138436,0.000138436,0.001139293
240,1.23E-05,5.50E-05,8.20E-05,8.20E-05,0.000592794
300,4.29E-05,5.39E-05,4.82E-05,0.000101649,0.003430389
